{
  "q_table": {
    "((0, 0), (4, 4), ())": {
      "0": 5.958088812993863,
      "3": 6.3797531662636855,
      "1": 6.3800475531249825,
      "2": 5.9609908678400645,
      "4": 5.9572824585886845
    },
    "((1, 0), (4, 4), ())": {
      "3": 6.198176813651059,
      "0": 5.581032901086824,
      "1": 6.82110240892851,
      "2": 5.72391651930784,
      "4": 5.4269256330941635
    },
    "((2, 0), (4, 4), ())": {
      "3": 5.168802735347114,
      "2": 4.996219455178349,
      "1": 7.284840147493333,
      "0": 5.975719858819448,
      "4": 5.785006545246989
    },
    "((3, 0), (4, 4), ())": {
      "1": 7.767750535288486,
      "0": 2.3923286874349987,
      "4": 3.4506409400938267,
      "2": 5.244052688857213,
      "3": 5.07006239731632
    },
    "((3, 1), (4, 4), ())": {
      "1": 8.288499999999987,
      "3": 8.287619993398675,
      "4": 7.77245612555298,
      "0": 7.245346966292298,
      "2": 7.2851624379957505
    },
    "((3, 2), (4, 4), ())": {
      "3": 8.82999999999999,
      "0": 7.773996505437919,
      "2": 7.773821634481842,
      "4": 8.288395402120866,
      "1": 8.829966863221363
    },
    "((4, 2), (4, 4), ())": {
      "2": 8.288359220374636,
      "1": 9.399999999999993,
      "4": 8.829893201285941,
      "0": 8.288397836225542,
      "3": 8.829982655621155
    },
    "((4, 1), (4, 4), ())": {
      "4": 8.200890931858469,
      "0": 6.146691540480669,
      "2": 7.6260891940398485,
      "3": 8.103941319808545,
      "1": 8.82999996751204
    },
    "((4, 0), (4, 4), ())": {
      "0": 5.322310578892071,
      "4": 6.013759693493861,
      "2": 1.3175446790182244,
      "3": 4.640608360752468,
      "1": 8.078938085213407
    },
    "((1, 1), (4, 4), ())": {
      "1": 7.280287337440747,
      "4": 6.819482841002504,
      "3": 7.285371249999985,
      "0": 6.379229802836464,
      "2": 6.379429836266428
    },
    "((1, 2), (4, 4), ())": {
      "4": 5.7957850562198,
      "1": 6.586134939508477,
      "3": 7.774071810777491,
      "2": 5.639403628400136,
      "0": 5.787293996291837
    },
    "((1, 3), (4, 4), ())": {
      "4": 3.8854513532113346,
      "1": 5.225993821300162,
      "3": 8.021510459068255,
      "2": 2.9616996816648653,
      "0": 3.9044366022822947
    },
    "((1, 4), (4, 4), ())": {
      "2": 5.60240105903977,
      "4": 6.1435011485233995,
      "1": 6.7032769046864145,
      "3": 8.258733124885069,
      "0": 3.7452888513807405
    },
    "((0, 4), (4, 4), ())": {
      "3": 7.369765412905707,
      "0": 2.4209167055368424,
      "2": 3.4552920666992204,
      "1": 3.381495394072858,
      "4": 4.578342636950957
    },
    "((2, 4), (4, 4), ())": {
      "3": 9.1751787904097,
      "4": 7.482689520646954,
      "2": 6.5283215646643775,
      "0": 6.2547187385193865,
      "1": 7.813928299995935
    },
    "((3, 4), (4, 4), ())": {
      "1": 8.451169931737049,
      "4": 7.1442585785452675,
      "0": 6.942567958704434,
      "3": 9.96934121620159,
      "2": 6.994166147700838
    },
    "((3, 3), (4, 4), ())": {
      "1": 8.87903022163562,
      "4": 8.412731546417684,
      "3": 9.399999999748326,
      "0": 8.247008857875109,
      "2": 7.467521535335786
    },
    "((0, 1), (4, 4), ())": {
      "2": 6.379931575673255,
      "0": 5.960124580664478,
      "1": 6.814614741838233,
      "3": 6.821102687499984,
      "4": 6.379156087667921
    },
    "((0, 2), (4, 4), ())": {
      "1": 4.546417403435823,
      "4": 5.162052180980801,
      "3": 7.284545894118948,
      "0": 5.508217426763391,
      "2": 4.4083559688639715
    },
    "((0, 3), (4, 4), ())": {
      "4": 3.439820077912444,
      "1": 5.97911004544387,
      "2": 2.844257712787859,
      "0": 2.387801829687093,
      "3": 4.078747911719072
    },
    "((2, 3), (4, 4), ())": {
      "1": 7.411632986621004,
      "3": 8.824790606704807,
      "0": 6.333016954257541,
      "4": 5.422748971178364,
      "2": 5.545724619839013
    },
    "((2, 1), (4, 4), ())": {
      "4": 7.284519086014244,
      "1": 7.773584333943418,
      "2": 6.809974359062895,
      "3": 7.774074999999986,
      "0": 6.815014547954627
    },
    "((2, 2), (4, 4), ())": {
      "1": 8.117402422781476,
      "0": 7.145391402856074,
      "2": 6.37423349413574,
      "3": 8.288499999967609,
      "4": 7.633082478786999
    },
    "((4, 3), (4, 4), ())": {
      "4": 9.399835584518947,
      "1": 9.999999999999996,
      "2": 8.82997719542424,
      "3": 9.399988788660886,
      "0": 8.829985735631746
    }
  },
  "learning_rate": 0.2,
  "discount_factor": 0.95,
  "epsilon": 0.01
}